Manufacturer;Model Number;Pmax;PTC;Technology;A_c;N_s;N_p;BIPV;Isc;Voc;Ipmax;Vpmax;NOCT;Tc_pmax;Tc_isc;Tc_voc;Short Side;Long Side;ISC_Rear;Prear_max
LG Electronics Inc.;LG350S2W-A5;350;317.2;Mono-c-Si;2.012;72;1;N;10.02;46.3;9.44;37.1;47.6;-0.41;0.03;-0.3;1.004;2.004;0;0
LG Electronics Inc.;LG355S2W-A5;355;321.9;Mono-c-Si;2.012;72;1;N;10.07;46.4;9.5;37.4;47.6;-0.41;0.03;-0.3;1.004;2.004;0;0
LG Electronics Inc.;LG360S2W-A5;360;326.6;Mono-c-Si;2.012;72;1;N;10.12;46.6;9.56;37.7;47.6;-0.41;0.03;-0.3;1.004;2.004;0;0
LG Electronics Inc.;LG365S2W-A5;365;331.3;Mono-c-Si;2.012;72;1;N;10.18;46.7;9.61;38;47.6;-0.41;0.03;-0.3;1.004;2.004;0;0
LG Electronics Inc.;LG370S2W-A5;370;335.9;Mono-c-Si;2.012;72;1;N;10.23;46.9;9.67;38.3;47.6;-0.41;0.03;-0.3;1.004;2.004;0;0
Hanwha Q CELLS;Q.PLUS L-G4.2/TAA 350;350;321.6;Multi-c-Si;1.994;72;1;N;9.69;47.71;9.15;38.23;45.2;-0.398;0.05;-0.294;1;1.994;0;0
LG Electronics Inc.;LG370N2T-A5;370;340.1;Mono-c-Si;2.04;72;1;N;9.99;48.8;9.33;39.7;47.8;-0.355;0.03;-0.26;1;2.04;0;0
LG Electronics Inc.;LG375N2K-A5;375;346;Mono-c-Si;2;72;1;N;10.09;48.9;9.62;39;47.2;-0.353;0.03;-0.26;1;2;0;0
LG Electronics Inc.;LG375N2T-A5;375;344.8;Mono-c-Si;2.04;72;1;N;10.03;48.9;9.34;40.2;47.8;-0.355;0.03;-0.26;1;2.04;0;0
LG Electronics Inc.;LG380N2C-A5;380;349.5;Mono-c-Si;2;72;1;N;10.31;48.9;9.75;39;47.7;-0.36;0.03;-0.26;1;2;0;0
LG Electronics Inc.;LG380N2C(W)-G4;380;350.7;Mono-c-Si;2;72;1;N;10.13;49;9.65;39.4;47.2;-0.353;0.03;-0.26;1;2;0;0
LG Electronics Inc.;LG380N2T-A5;380;349.6;Mono-c-Si;2.04;72;1;N;10.07;49;9.37;40.6;47.8;-0.355;0.03;-0.26;1;2.04;0;0
LG Electronics Inc.;LG380N2W-A5;380;349.5;Mono-c-Si;2;72;1;N;10.31;48.9;9.75;39;47.7;-0.36;0.03;-0.26;1;2;0;0
LG Electronics Inc.;LG385N2C-A5;385;354.2;Mono-c-Si;2;72;1;N;10.35;49;9.78;39.4;47.7;-0.36;0.03;-0.26;1;2;0;0
LG Electronics Inc.;LG385N2K-A5;385;355.5;Mono-c-Si;2;72;1;N;10.17;49.1;9.68;39.8;47.2;-0.353;0.03;-0.26;1;2;0;0
LG Electronics Inc.;LG385N2T-A5;385;354.3;Mono-c-Si;2.04;72;1;N;10.11;49.1;9.4;41;47.8;-0.355;0.03;-0.26;1;2.04;0;0
LG Electronics Inc.;LG385N2W-A5;385;354.2;Mono-c-Si;2;72;1;N;10.35;49;9.78;39.4;47.7;-0.36;0.03;-0.26;1;2;0;0
LG Electronics Inc.;LG390N2C-A5;390;358.9;Mono-c-Si;2;72;1;N;10.39;49.1;9.81;39.8;47.7;-0.36;0.03;-0.26;1;2;0;0
LG Electronics Inc.;LG390N2K-A5;390;360.2;Mono-c-Si;2;72;1;N;10.21;49.2;9.71;40.2;47.2;-0.353;0.03;-0.26;1;2;0;0
LG Electronics Inc.;LG390N2T-A5;390;359;Mono-c-Si;2.04;72;1;N;10.15;49.2;9.43;41.4;47.8;-0.355;0.03;-0.26;1;2.04;0;0
LG Electronics Inc.;LG390N2W-A5;390;358.9;Mono-c-Si;2;72;1;N;10.39;49.1;9.81;39.8;47.7;-0.36;0.03;-0.26;1;2;0;0
LG Electronics Inc.;LG395N2C-A5;395;363.7;Mono-c-Si;2;72;1;N;10.43;49.2;9.83;40.2;47.7;-0.36;0.03;-0.26;1;2;0;0
LG Electronics Inc.;LG395N2K-A5;395;365;Mono-c-Si;2;72;1;N;10.25;49.3;9.74;40.6;47.2;-0.353;0.03;-0.26;1;2;0;0
LG Electronics Inc.;LG395N2T-A5;395;363.8;Mono-c-Si;2.04;72;1;N;10.19;49.3;9.46;41.8;47.8;-0.355;0.03;-0.26;1;2.04;0;0
LG Electronics Inc.;LG395N2W-A5;395;363.7;Mono-c-Si;2;72;1;N;10.43;49.2;9.83;40.2;47.7;-0.36;0.03;-0.26;1;2;0;0
LG Electronics Inc.;LG400N2C-A5;400;368.4;Mono-c-Si;2;72;1;N;10.47;49.3;9.86;40.6;47.7;-0.36;0.03;-0.26;1;2;0;0
LG Electronics Inc.;LG400N2K-A5;400;369.7;Mono-c-Si;2;72;1;N;10.29;49.4;9.76;41;47.2;-0.353;0.03;-0.26;1;2;0;0
LG Electronics Inc.;LG400N2T-A5;400;368.5;Mono-c-Si;2.04;72;1;N;10.23;49.4;9.49;42.2;47.8;-0.355;0.03;-0.26;1;2.04;0;0
LG Electronics Inc.;LG400N2W-A5;400;368.4;Mono-c-Si;2;72;1;N;10.47;49.3;9.86;40.6;47.7;-0.36;0.03;-0.26;1;2;0;0
LG Electronics Inc.;LG405N2C-A5;405;373.2;Mono-c-Si;2;72;1;N;10.51;49.4;9.89;41;47.7;-0.36;0.03;-0.26;1;2;0;0
LG Electronics Inc.;LG405N2K-A5;405;374.5;Mono-c-Si;2;72;1;N;10.33;49.5;9.79;41.4;47.2;-0.353;0.03;-0.26;1;2;0;0
LG Electronics Inc.;LG405N2W-A5;405;373.2;Mono-c-Si;2;72;1;N;10.51;49.4;9.89;41;47.7;-0.36;0.03;-0.26;1;2;0;0
LG Electronics Inc.;LG410N2C-A5;410;377.9;Mono-c-Si;2;72;1;N;10.55;49.5;9.91;41.4;47.7;-0.36;0.03;-0.26;1;2;0;0
LG Electronics Inc.;LG410N2W-A5;410;377.9;Mono-c-Si;2;72;1;N;10.55;49.5;9.91;41.4;47.7;-0.36;0.03;-0.26;1;2;0;0
LG Electronics Inc.;LG350Q1C-A5;350;328;Mono-c-Si;1.673;60;1;N;10.77;42.7;9.71;36;45.7;-0.32;0.03;-0.24;0.996;1.68;0;0
LG Electronics Inc.;LG350Q1K-A5;350;325.5;Mono-c-Si;1.673;60;1;N;10.77;42.7;9.75;36.2;48.7;-0.31;0.04;-0.24;0.996;1.68;0;0
LG Electronics Inc.;LG355Q1C-A5;355;332.8;Mono-c-Si;1.673;60;1;N;10.78;42.7;9.79;36.3;45.7;-0.32;0.03;-0.24;0.996;1.68;0;0
LG Electronics Inc.;LG355Q1K-A5;355;330.3;Mono-c-Si;1.673;60;1;N;10.79;42.7;9.82;36.4;48.7;-0.31;0.04;-0.24;0.996;1.68;0;0
LG Electronics Inc.;LG360Q1C-A5;360;337.6;Mono-c-Si;1.673;60;1;N;10.79;42.7;9.86;36.5;45.7;-0.32;0.03;-0.24;0.996;1.68;0;0
LG Electronics Inc.;LG360Q1K-A5;360;335.1;Mono-c-Si;1.673;60;1;N;10.8;42.8;9.9;36.6;48.7;-0.31;0.04;-0.24;0.996;1.68;0;0
LG Electronics Inc.;LG365Q1C-A5;365;342.4;Mono-c-Si;1.673;60;1;N;10.8;42.8;9.94;36.8;45.7;-0.32;0.03;-0.24;0.996;1.68;0;0
LG Electronics Inc.;LG370Q1C-A5;370;347.2;Mono-c-Si;1.673;60;1;N;10.82;42.8;10.01;37;45.7;-0.32;0.03;-0.24;0.996;1.68;0;0
Hanwha Q CELLS;Q.PEAK L-G4.2 365;365;335.9;Multi-c-Si;1.946;72;1;N;9.83;48;9.33;39.1;45.5;-0.394;0.038;-0.289;0.988;1.97;0;0
Hanwha Q CELLS;Q.PEAK L-G4.2 370;370;340.6;Multi-c-Si;1.946;72;1;N;9.89;48.28;9.41;39.32;45.5;-0.394;0.038;-0.289;0.988;1.97;0;0
Centrosolar America;EM72 350BW;350;320.3;Mono-c-Si;1.923;72;1;N;9.59;47.64;9.09;38.51;45.2;-0.421;0.0491;-0.297;0.986;1.95;0;0
Centrosolar America;EM72 350SW;350;320.3;Mono-c-Si;1.923;72;1;N;9.59;47.64;9.09;38.51;45.2;-0.421;0.0491;-0.297;0.986;1.95;0;0
LG Electronics Inc.;LG350N2C-B3;350;319.5;Mono-c-Si;1.901;72;1;N;9.74;48.1;9.24;37.9;47.5;-0.39;0.02;-0.28;0.98;1.94;0;0
LG Electronics Inc.;LG350N2T-A4;350;321.7;Mono-c-Si;1.95;72;1;N;9.62;47.6;9.03;38.8;46.8;-0.37;0.03;-0.27;0.98;1.99;0;0
LG Electronics Inc.;LG350N2W-B3;350;319.5;Mono-c-Si;1.901;72;1;N;9.74;48.1;9.24;37.9;47.5;-0.39;0.02;-0.28;0.98;1.94;0;0
LG Electronics Inc.;LG355N2C-B3;355;324.2;Mono-c-Si;1.901;72;1;N;9.79;48.2;9.32;38.1;47.5;-0.39;0.02;-0.28;0.98;1.94;0;0
LG Electronics Inc.;LG355N2T-A4;355;326.5;Mono-c-Si;1.95;72;1;N;9.66;47.9;9.08;39.1;46.8;-0.37;0.03;-0.27;0.98;1.99;0;0
LG Electronics Inc.;LG355N2W-B3;355;324.2;Mono-c-Si;1.901;72;1;N;9.79;48.2;9.32;38.1;47.5;-0.39;0.02;-0.28;0.98;1.94;0;0
LG Electronics Inc.;LG360N2C-B3;360;328.9;Mono-c-Si;1.901;72;1;N;9.84;48.3;9.39;38.4;47.5;-0.39;0.02;-0.28;0.98;1.94;0;0
LG Electronics Inc.;LG360N2C-G4;360;332.6;Mono-c-Si;1.901;72;1;N;9.86;47.4;9.33;38.6;45.9;-0.37;0.03;-0.28;0.98;1.94;0;0
LG Electronics Inc.;LG360N2K-G4;360;332.9;Mono-c-Si;1.901;72;1;N;9.69;47.9;9.21;39.1;45.7;-0.37;0.03;-0.28;0.98;1.94;0;0
LG Electronics Inc.;LG360N2T-A4;360;331.2;Mono-c-Si;1.95;72;1;N;9.7;48.2;9.12;39.5;46.8;-0.37;0.03;-0.27;0.98;1.99;0;0
LG Electronics Inc.;LG360N2W-B3;360;328.9;Mono-c-Si;1.901;72;1;N;9.84;48.3;9.39;38.4;47.5;-0.39;0.02;-0.28;0.98;1.94;0;0
LG Electronics Inc.;LG360N2W-G4;360;332.6;Mono-c-Si;1.901;72;1;N;9.86;47.4;9.33;38.6;45.9;-0.37;0.03;-0.28;0.98;1.94;0;0
LG Electronics Inc.;LG365N2C-B3;365;333.6;Mono-c-Si;1.901;72;1;N;9.89;48.4;9.46;38.6;47.5;-0.39;0.02;-0.28;0.98;1.94;0;0
LG Electronics Inc.;LG365N2C-G4;365;337.4;Mono-c-Si;1.901;72;1;N;9.92;47.7;9.39;38.9;45.9;-0.37;0.03;-0.28;0.98;1.94;0;0
LG Electronics Inc.;LG365N2K-G4;365;337.6;Mono-c-Si;1.901;72;1;N;9.76;48.2;9.27;39.4;45.7;-0.37;0.03;-0.28;0.98;1.94;0;0
LG Electronics Inc.;LG365N2T-A4;365;335.9;Mono-c-Si;1.95;72;1;N;9.74;48.5;9.16;39.9;46.8;-0.37;0.03;-0.27;0.98;1.99;0;0
LG Electronics Inc.;LG365N2W-B3;365;333.6;Mono-c-Si;1.901;72;1;N;9.89;48.4;9.46;38.6;47.5;-0.39;0.02;-0.28;0.98;1.94;0;0
LG Electronics Inc.;LG365N2W-G4;365;337.4;Mono-c-Si;1.901;72;1;N;9.92;47.7;9.39;38.9;45.9;-0.37;0.03;-0.28;0.98;1.94;0;0
LG Electronics Inc.;LG370N2C-B3;370;338.3;Mono-c-Si;1.901;72;1;N;9.94;48.5;9.54;38.8;47.5;-0.39;0.02;-0.28;0.98;1.94;0;0
LG Electronics Inc.;LG370N2C-G4;370;342.1;Mono-c-Si;1.901;72;1;N;9.98;48;9.44;39.2;45.9;-0.37;0.03;-0.28;0.98;1.94;0;0
LG Electronics Inc.;LG370N2K-G4;370;342.4;Mono-c-Si;1.901;72;1;N;9.82;48.5;9.33;39.7;45.7;-0.37;0.03;-0.28;0.98;1.94;0;0
LG Electronics Inc.;LG370N2T-A4;370;340.6;Mono-c-Si;1.95;72;1;N;9.78;48.8;9.2;40.3;46.8;-0.37;0.03;-0.27;0.98;1.99;0;0
LG Electronics Inc.;LG370N2W-B3;370;338.3;Mono-c-Si;1.901;72;1;N;9.94;48.5;9.54;38.8;47.5;-0.39;0.02;-0.28;0.98;1.94;0;0
LG Electronics Inc.;LG370N2W-G4;370;342.1;Mono-c-Si;1.901;72;1;N;9.98;48;9.44;39.2;45.9;-0.37;0.03;-0.28;0.98;1.94;0;0
LG Electronics Inc.;LG375N2C-B3;375;343.1;Mono-c-Si;1.901;72;1;N;9.99;48.6;9.62;39;47.5;-0.39;0.02;-0.28;0.98;1.94;0;0
LG Electronics Inc.;LG375N2C-G4;375;346.9;Mono-c-Si;1.901;72;1;N;10.04;48.3;9.5;39.5;45.9;-0.37;0.03;-0.28;0.98;1.94;0;0
LG Electronics Inc.;LG375N2K-G4;375;347.1;Mono-c-Si;1.901;72;1;N;9.88;48.8;9.38;40;45.7;-0.37;0.03;-0.28;0.98;1.94;0;0
LG Electronics Inc.;LG375N2T-A4;375;345.4;Mono-c-Si;1.95;72;1;N;9.82;49.1;9.24;40.6;46.8;-0.37;0.03;-0.27;0.98;1.99;0;0
LG Electronics Inc.;LG375N2W-B3;375;343.1;Mono-c-Si;1.901;72;1;N;9.99;48.6;9.62;39;47.5;-0.39;0.02;-0.28;0.98;1.94;0;0
LG Electronics Inc.;LG375N2W-G4;375;346.9;Mono-c-Si;1.901;72;1;N;10.04;48.3;9.5;39.5;45.9;-0.37;0.03;-0.28;0.98;1.94;0;0
LG Electronics Inc.;LG380N2C-G4;380;351.6;Mono-c-Si;1.901;72;1;N;10.1;48.6;9.55;39.8;45.9;-0.37;0.03;-0.28;0.98;1.94;0;0
LG Electronics Inc.;LG380N2K-G4;380;351.9;Mono-c-Si;1.901;72;1;N;9.94;49.1;9.43;40.3;45.7;-0.37;0.03;-0.28;0.98;1.94;0;0
LG Electronics Inc.;LG380N2T-A4;380;350.1;Mono-c-Si;1.95;72;1;N;9.86;49.4;9.28;41;46.8;-0.37;0.03;-0.27;0.98;1.99;0;0
LG Electronics Inc.;LG380N2W-G4;380;351.6;Mono-c-Si;1.901;72;1;N;10.1;48.6;9.55;39.8;45.9;-0.37;0.03;-0.28;0.98;1.94;0;0
LG Electronics Inc.;LG385N2C-G4;385;356.4;Mono-c-Si;1.901;72;1;N;10.16;48.9;9.61;40.1;45.9;-0.37;0.03;-0.28;0.98;1.94;0;0
LG Electronics Inc.;LG385N2W-G4;385;356.4;Mono-c-Si;1.901;72;1;N;10.16;48.9;9.61;40.1;45.9;-0.37;0.03;-0.28;0.98;1.94;0;0
Jinko Solar Co.;JKM350M-72;350;322;Multi-c-Si;1.835;72;1;N;9.38;47.5;8.94;39.1;44.9;-0.409;0.065;-0.308;0.954;1.924;0;0
Jinko Solar Co.;JKM350M-72B;350;319.6;Mono-c-Si;1.835;72;1;N;9.38;47.5;8.94;39.1;46.2;-0.417;0.069;-0.308;0.954;1.924;0;0
Jinko Solar Co.;JKM350M-72B-J4;350;319.6;Mono-c-Si;1.835;72;1;N;9.38;47.5;8.94;39.1;46.2;-0.417;0.069;-0.308;0.954;1.924;0;0
Jinko Solar Co.;JKM350M-72-J4;350;322;Mono-c-Si;1.835;72;1;N;9.38;47.5;8.94;39.1;44.9;-0.41;0.0867;-0.31;0.954;1.924;0;0
Jinko Solar Co.;JKM350P-72;350;320.3;Multi-c-Si;1.835;72;1;N;9.36;48;9.07;38.6;45.3;-0.426;0.065;-0.325;0.954;1.924;0;0
Jinko Solar Co.;JKM350PP-72;350;320.3;Multi-c-Si;1.835;72;1;N;9.36;48;9.07;38.6;45.3;-0.426;0.065;-0.325;0.954;1.924;0;0
Jinko Solar Co.;JKM350PP-72-J4;350;320.3;Multi-c-Si;1.835;72;1;N;9.36;48;9.07;38.6;45.3;-0.426;0.065;-0.325;0.954;1.924;0;0
Jinko Solar Co.;JKMS350M-72;350;321.4;Mono-c-Si;1.835;72;1;N;9.38;47.5;8.94;39.1;45;-0.416;0.0573;-0.329;0.954;1.924;0;0
Jinko Solar Co.;JKMS350M-72-J4;350;321.4;Mono-c-Si;1.835;72;1;N;9.38;47.5;8.94;39.1;45;-0.416;0.0573;-0.329;0.954;1.924;0;0
Jinko Solar Co.;JKM355M-72;355;326.8;Multi-c-Si;1.835;72;1;N;9.45;47.8;9.04;39.3;44.9;-0.409;0.065;-0.308;0.954;1.924;0;0
Jinko Solar Co.;JKM355M-72B;355;324.3;Mono-c-Si;1.835;72;1;N;9.45;47.8;9.04;39.3;46.2;-0.417;0.069;-0.308;0.954;1.924;0;0
Jinko Solar Co.;JKM355M-72B-J4;355;324.3;Mono-c-Si;1.835;72;1;N;9.45;47.8;9.04;39.3;46.2;-0.417;0.069;-0.308;0.954;1.924;0;0
Jinko Solar Co.;JKM355M-72-J4;355;326.7;Mono-c-Si;1.835;72;1;N;9.45;47.8;9.04;39.3;44.9;-0.41;0.0867;-0.31;0.954;1.924;0;0
Jinko Solar Co.;JKMS355M-72;355;326.1;Mono-c-Si;1.835;72;1;N;9.45;47.8;9.04;39.3;45;-0.416;0.0573;-0.329;0.954;1.924;0;0
Jinko Solar Co.;JKMS355M-72-J4;355;326.1;Mono-c-Si;1.835;72;1;N;9.45;47.8;9.04;39.3;45;-0.416;0.0573;-0.329;0.954;1.924;0;0
Jinko Solar Co.;JKM360M-72;360;331.5;Multi-c-Si;1.835;72;1;N;9.51;48;9.12;39.5;44.9;-0.409;0.065;-0.308;0.954;1.924;0;0
Jinko Solar Co.;JKM365M-72;365;336.3;Multi-c-Si;1.835;72;1;N;9.57;48.2;9.2;39.7;44.9;-0.409;0.065;-0.308;0.954;1.924;0;0
LG Electronics Inc.;Bi_LG425N2T-E6;425;425;Mono-c-Si;0.662;144;1;Y;10.88;48.8;10.5;48;42;-0.33;0.04;-0.26;1.12;2.172;1.53;60
LG Electronics Inc.;Bi_LG440N2T-E6;440;440;Mono-c-Si;0.662;144;1;Y;11.06;49.7;10.507;47.215;42;-0.33;0.04;-0.26;1.12;2.172;1.55;60
LG Electronics Inc.;Bi_LG435N2T-E6;435;435;Mono-c-Si;0.662;144;1;Y;11;49.4;10.45;46.93;42;-0.33;0.04;-0.26;1.12;2.172;1.54;60
LG Electronics Inc.;Bi_LG430N2T-E6;430;430;Mono-c-Si;0.662;144;1;Y;10.94;49.1;10.393;46.645;42;-0.33;0.04;-0.26;1.12;2.172;1.53;60
LG Electronics Inc.;Bi_LG405N2T-J5;405;405;Mono-c-Si;0.662;72;1;Y;10.26;49.8;9.747;47.31;42;-0.36;0.03;-0.27;1.024;2.024;1.25;50
LG Electronics Inc.;Bi_LG400N2T-J5;400;400;Mono-c-Si;0.662;72;1;Y;10.22;49.7;9.709;47.215;42;-0.36;0.03;-0.27;1.024;2.024;1.26;50
LG Electronics Inc.;Bi_LG415N2T-L5;415;415;Mono-c-Si;0.662;72;1;Y;10.5;49.5;9.975;47.025;42;-0.35;0.03;-0.26;1.024;2.024;1.38;55
LG Electronics Inc.;Bi_LG410N2T-L5;410;410;Mono-c-Si;0.662;72;1;Y;10.46;49.4;9.937;46.93;42;-0.35;0.03;-0.26;1.024;2.024;1.4;55
LG Electronics Inc.;Bi_LG405N2T-L5;405;405;Mono-c-Si;0.662;72;1;Y;10.42;49.3;9.899;46.835;42;-0.35;0.03;-0.26;1.024;2.024;1.41;55
LG Electronics Inc.;Bi_LG400N2T-A5;400;400;Mono-c-Si;0.662;72;1;Y;10.22;49.7;9.709;47.215;45;-0.36;0.03;-0.27;1.024;2.024;2.04;80
LG Electronics Inc.;Bi_LG390N2T-A5;390;390;Mono-c-Si;0.662;72;1;Y;10.15;49.2;9.6425;46.74;45;-0.36;0.03;-0.27;1.024;2.024;2.03;78
